mutation,location
C241T,241
C3037T,3037
C4002T,4002
C9866T,9866
G10097A,10097
C13536T,13536
C14408T,14408
C18747T,18747
A23403G,23403
C23731T,23731
C26822T,26822
G28881A,28881
G28882A,28882
G28883C,28883
G29425T,29425
C29721T,29721
C241T,241
C3037T,3037
C4002T,4002
G7295T,7295
G10097A,10097
C13536T,13536
T14222G,14222
C14408T,14408
C17410T,17410
C18747T,18747
A23403G,23403
C23731T,23731
G28881A,28881
G28882A,28882
G28883C,28883
A29373G,29373
G29868A,29868
C29870A,29870
C241T,241
C3037T,3037
C4002T,4002
G10097A,10097
C13536T,13536
T14222G,14222
C14408T,14408
C18747T,18747
G21770T,21770
G22225T,22225
A23403G,23403
C23731T,23731
T24079C,24079
G28881A,28881
G28882A,28882
G28883C,28883
G29425T,29425
C241T,241
C3037T,3037
C4002T,4002
G10097A,10097
C13536T,13536
T14222G,14222
C14408T,14408
C18647T,18647
C18747T,18747
A23403G,23403
C23731T,23731
C26586T,26586
C28253T,28253
A28254C,28254
G28881A,28881
G28882A,28882
G28883C,28883
G29425T,29425
C241T,241
A408G,408
C3037T,3037
C4002T,4002
G10097A,10097
C11671T,11671
C13536T,13536
T14222G,14222
C14408T,14408
C18747T,18747
C20946T,20946
A23403G,23403
C23731T,23731
G28881A,28881
G28882A,28882
G28883C,28883
G29425T,29425
C241T,241
C3037T,3037
C4002T,4002
G10097A,10097
G11083T,11083
C13536T,13536
T14222G,14222
C14408T,14408
C18747T,18747
A23403G,23403
C23731T,23731
T26905C,26905
G28881A,28881
G28882A,28882
G28883C,28883
A29373T,29373
C241T,241
C3037T,3037
C4002T,4002
C9866T,9866
G10097A,10097
C13536T,13536
T14222G,14222
C14408T,14408
G18449A,18449
C18747T,18747
A23403G,23403
C23731T,23731
G28881A,28881
G28882A,28882
G28883C,28883
G29425T,29425
C241T,241
C3037T,3037
C4002T,4002
C4824A,4824
T8328G,8328
G9220A,9220
G10097A,10097
G11083T,11083
C13536T,13536
C14408T,14408
C18747T,18747
A23403G,23403
C23731T,23731
G28881A,28881
G28882A,28882
G28883C,28883
G29425T,29425
C241T,241
C3037T,3037
C4002T,4002
C9693T,9693
G10097A,10097
C13536T,13536
C14408T,14408
C18747T,18747
A23403G,23403
C23731T,23731
G28881A,28881
G28882A,28882
G28883C,28883
G29425T,29425
C241T,241
C2263T,2263
C3037T,3037
C4002T,4002
A7634G,7634
G10097A,10097
C13536T,13536
T14222G,14222
C14408T,14408
C18747T,18747
A23403G,23403
C23731T,23731
T24417C,24417
C27494T,27494
C28253T,28253
G28881A,28881
G28882A,28882
G28883C,28883
C29870A,29870
C241T,241
C2523T,2523
C3037T,3037
C4002T,4002
A7634G,7634
G10097A,10097
C13536T,13536
T14222G,14222
C14408T,14408
C18747T,18747
C20078T,20078
A23403G,23403
C23731T,23731
C25626T,25626
G28881A,28881
G28882A,28882
G28883C,28883
G29425T,29425
C241T,241
C3037T,3037
C4002T,4002
A7634G,7634
G10097A,10097
C13536T,13536
T14222G,14222
C14408T,14408
G17122T,17122
T17643C,17643
C18457T,18457
C18747T,18747
C21622T,21622
A23403G,23403
C23731T,23731
G24812T,24812
G28881A,28881
G28882A,28882
G28883C,28883
C241T,241
C3037T,3037
C4002T,4002
A7634G,7634
C9866T,9866
G10097A,10097
C13536T,13536
T14222G,14222
C14408T,14408
G15672T,15672
C18747T,18747
A23403G,23403
C23731T,23731
T27995C,27995
G28881A,28881
G28882A,28882
G28883C,28883
A29373G,29373
C241T,241
C3037T,3037
C4002T,4002
G10097A,10097
G11521T,11521
C13536T,13536
C14408T,14408
C18747T,18747
A23403G,23403
C23731T,23731
G26152A,26152
G28881A,28881
G28882A,28882
G28883C,28883
G29425T,29425
C241T,241
C3037T,3037
C4002T,4002
C13536T,13536
C14408T,14408
C18747T,18747
A23403G,23403
C23731T,23731
T28063C,28063
G28881A,28881
G28882A,28882
G28883C,28883
G29425T,29425
C241T,241
C3037T,3037
C4002T,4002
G10097A,10097
C13536T,13536
C14408T,14408
C18747T,18747
A23403G,23403
C23731T,23731
T28813C,28813
G28881A,28881
G28882A,28882
G28883C,28883
G29425T,29425
C241T,241
C3037T,3037
C4002T,4002
C13536T,13536
C14408T,14408
C18747T,18747
G23048T,23048
A23403G,23403
C23731T,23731
G28881A,28881
G28882A,28882
G28883C,28883
G29425T,29425
C241T,241
G2993C,2993
C3037T,3037
C4002T,4002
C13536T,13536
C14408T,14408
C18747T,18747
A23403G,23403
C23731T,23731
G28881A,28881
G28882A,28882
G28883C,28883
G29425T,29425
C241T,241
C3037T,3037
C4002T,4002
G10097A,10097
C13536T,13536
C14408T,14408
C18747T,18747
A23403G,23403
C23731T,23731
C28783T,28783
G28881A,28881
G28882A,28882
G28883C,28883
G29425T,29425
C241T,241
C3037T,3037
C4002T,4002
G10097A,10097
C13536T,13536
C14408T,14408
C18747T,18747
C19586T,19586
C20233T,20233
A23403G,23403
C23731T,23731
G28881A,28881
G28882A,28882
G28883C,28883
G29425T,29425
C241T,241
C3037T,3037
C4002T,4002
G10097A,10097
C12513T,12513
C13536T,13536
C14408T,14408
C18747T,18747
A23403G,23403
C23731T,23731
C27600T,27600
C28831T,28831
G28881A,28881
G28882A,28882
G28883C,28883
G29425T,29425
C241T,241
C3037T,3037
C4002T,4002
G10097A,10097
C13536T,13536
C14408T,14408
C18747T,18747
A23403G,23403
C23731T,23731
G28881A,28881
G28882A,28882
G28883C,28883
G29425T,29425
C241T,241
C3037T,3037
C4002T,4002
G10097A,10097
G11083T,11083
C13536T,13536
C14408T,14408
C18747T,18747
A23403G,23403
C23731T,23731
A26154T,26154
G28881A,28881
G28882A,28882
G28883C,28883
G29425T,29425
C241T,241
C3037T,3037
C4002T,4002
G10097A,10097
C13536T,13536
C14408T,14408
C18747T,18747
G19272T,19272
A22125T,22125
A23403G,23403
C23731T,23731
G28881A,28881
G28882A,28882
G28883C,28883
G29425T,29425
C241T,241
C3037T,3037
C4002T,4002
G10097A,10097
C13536T,13536
C14408T,14408
C18747T,18747
A23403G,23403
C23731T,23731
G28881A,28881
G28882A,28882
G28883C,28883
G29425T,29425
C241T,241
C3037T,3037
C4002T,4002
T5653C,5653
G10097A,10097
C13536T,13536
C14408T,14408
C18747T,18747
A23403G,23403
C23731T,23731
G28881A,28881
G28882A,28882
G28883C,28883
G29425T,29425
C241T,241
C1426T,1426
C3037T,3037
A3542T,3542
C4002T,4002
G10097A,10097
C13536T,13536
G14277T,14277
C14408T,14408
C18747T,18747
A23403G,23403
C23731T,23731
C23987T,23987
C27630T,27630
G28881A,28881
G28882A,28882
G28883C,28883
G29425T,29425
C241T,241
C3037T,3037
C3874T,3874
C4002T,4002
G10097A,10097
C13536T,13536
C14408T,14408
C17678T,17678
C18747T,18747
A23403G,23403
C23731T,23731
G28881A,28881
G28882A,28882
G28883C,28883
G29425T,29425
C241T,241
C3037T,3037
C3961T,3961
C4002T,4002
G10097A,10097
C12357T,12357
C13536T,13536
C14408T,14408
C18747T,18747
A23403G,23403
C23731T,23731
G28881A,28881
G28882A,28882
G28883C,28883
G29425T,29425
C241T,241
C3037T,3037
C4002T,4002
G10097A,10097
C13536T,13536
C14408T,14408
C18747T,18747
A23403G,23403
C23731T,23731
C24651T,24651
G28881A,28881
G28882A,28882
G28883C,28883
G29425T,29425
C241T,241
C3037T,3037
C4002T,4002
G10097A,10097
C13536T,13536
C14408T,14408
C18747T,18747
A23403G,23403
C23731T,23731
G28881A,28881
G28882A,28882
G28883C,28883
G29425T,29425
C241T,241
C3037T,3037
C4002T,4002
G10097A,10097
C13536T,13536
C14408T,14408
G18516T,18516
C18747T,18747
A23403G,23403
C23731T,23731
G28881A,28881
G28882A,28882
G28883C,28883
G29425T,29425
C241T,241
C3037T,3037
C4002T,4002
G10097A,10097
C13536T,13536
C14408T,14408
C18747T,18747
A23403G,23403
C23731T,23731
G28881A,28881
G28882A,28882
G28883C,28883
G29425T,29425
C241T,241
C3037T,3037
C4002T,4002
G10097A,10097
C13536T,13536
C14120T,14120
C14408T,14408
C18747T,18747
G21010T,21010
A23403G,23403
C23731T,23731
G26640T,26640
G28881A,28881
G28882A,28882
G28883C,28883
G29425T,29425
C241T,241
C2005T,2005
C3037T,3037
T3256C,3256
C4002T,4002
C6701T,6701
G8179T,8179
G10097A,10097
C13536T,13536
C14408T,14408
G17427T,17427
C18747T,18747
A23403G,23403
C23731T,23731
C28253T,28253
A28254C,28254
G28881A,28881
G28882A,28882
G28883C,28883
G29425T,29425
C241T,241
C3037T,3037
C4002T,4002
G10097A,10097
G11083T,11083
T12016A,12016
C13536T,13536
G13659A,13659
G14290T,14290
C14408T,14408
C18747T,18747
A23403G,23403
C23731T,23731
G24038T,24038
G28881A,28881
G28882A,28882
G28883C,28883
G29425T,29425
C241T,241
C3037T,3037
C4002T,4002
C4965T,4965
G10097A,10097
G11083T,11083
C13536T,13536
C14408T,14408
G15906T,15906
C18747T,18747
G20102T,20102
A23403G,23403
C23731T,23731
C23896T,23896
G28881A,28881
G28882A,28882
G28883C,28883
G29425T,29425
C241T,241
C3037T,3037
C4002T,4002
C5654T,5654
G6884A,6884
G10097A,10097
C13536T,13536
C14408T,14408
C18747T,18747
A23403G,23403
C23731T,23731
G28881A,28881
G28882A,28882
G28883C,28883
G29425T,29425
C241T,241
A1809C,1809
C3037T,3037
C4002T,4002
G10097A,10097
C13536T,13536
C14408T,14408
C18747T,18747
A23403G,23403
C23731T,23731
G28881A,28881
G28882A,28882
G28883C,28883
G29425T,29425
C241T,241
C3037T,3037
C4002T,4002
G10097A,10097
C13536T,13536
C14408T,14408
C18747T,18747
C19586T,19586
A23403G,23403
C23731T,23731
C28253T,28253
G28881A,28881
G28882A,28882
G28883C,28883
G29425T,29425
C241T,241
C3037T,3037
C4002T,4002
G10097A,10097
C13536T,13536
C14408T,14408
C16915T,16915
C18747T,18747
A23403G,23403
C23731T,23731
G28881A,28881
G28882A,28882
G28883C,28883
G29425T,29425
C241T,241
C3037T,3037
C4002T,4002
G10097A,10097
C13536T,13536
C14408T,14408
C18747T,18747
C20380T,20380
A23403G,23403
C23731T,23731
G28881A,28881
G28882A,28882
G28883C,28883
G29425T,29425
C241T,241
C2013T,2013
C3037T,3037
C4002T,4002
C9866T,9866
G10097A,10097
C13536T,13536
C14408T,14408
C18747T,18747
A23403G,23403
C23731T,23731
C26822T,26822
G28881A,28881
G28882A,28882
G28883C,28883
G29425T,29425
C241T,241
C1101T,1101
C3037T,3037
C4002T,4002
A4291T,4291
G10097A,10097
C12623T,12623
C13536T,13536
C14408T,14408
C17444T,17444
C18747T,18747
G19072T,19072
A23403G,23403
C23731T,23731
G28373T,28373
C28606T,28606
G28881A,28881
G28882A,28882
G28883C,28883
G29425T,29425
C241T,241
C3037T,3037
C4002T,4002
T8914C,8914
G10097A,10097
C13536T,13536
C14408T,14408
C17541T,17541
C17977T,17977
C19586T,19586
A23403G,23403
C23731T,23731
C27476T,27476
C28253T,28253
G28881A,28881
G28882A,28882
G28883C,28883
G29425T,29425
C222T,222
C241T,241
C3037T,3037
C3264T,3264
C4002T,4002
G10097A,10097
C12623T,12623
C13536T,13536
C14408T,14408
C17444T,17444
C18747T,18747
G19072T,19072
A23403G,23403
C23731T,23731
G28373T,28373
C28606T,28606
G28881A,28881
G28882A,28882
G28883C,28883
G29425T,29425
C241T,241
C3037T,3037
C4002T,4002
G10097A,10097
C13536T,13536
C14408T,14408
C17541T,17541
C17977T,17977
C18747T,18747
C19586T,19586
A23403G,23403
C23731T,23731
C27476T,27476
C28253T,28253
G28881A,28881
G28882A,28882
G28883C,28883
G29425T,29425
C241T,241
C3037T,3037
C4002T,4002
G10097A,10097
C13536T,13536
C14408T,14408
C17541T,17541
C17977T,17977
C18747T,18747
C19586T,19586
A23403G,23403
C23731T,23731
C27476T,27476
C28253T,28253
G28881A,28881
G28882A,28882
G28883C,28883
G29425T,29425
C241T,241
C3037T,3037
C4002T,4002
C9733T,9733
G10097A,10097
C13536T,13536
C14408T,14408
C18747T,18747
A23403G,23403
C23731T,23731
G25218T,25218
C28253T,28253
A28370G,28370
G28881A,28881
G28882A,28882
G28883C,28883
G29425T,29425
C241T,241
C3037T,3037
C4002T,4002
C9866T,9866
G10097A,10097
C13536T,13536
G13762A,13762
C14408T,14408
C18747T,18747
A23403G,23403
C23731T,23731
G28178T,28178
G28881A,28881
G28882A,28882
G28883C,28883
G29425T,29425
C241T,241
C3037T,3037
C4002T,4002
G10097A,10097
G11083T,11083
C13536T,13536
C14408T,14408
C17733T,17733
C18747T,18747
A23403G,23403
C23731T,23731
A23813T,23813
A25491T,25491
C27213T,27213
G28881A,28881
G28882A,28882
G28883C,28883
G29425T,29425
G29777T,29777
G204T,204
C241T,241
C3037T,3037
C4002T,4002
G6527C,6527
G10097A,10097
C13536T,13536
C14408T,14408
C18747T,18747
G22289T,22289
T22897A,22897
A23403G,23403
C23731T,23731
G28881A,28881
G28882A,28882
G28883C,28883
G29425T,29425
C241T,241
C3037T,3037
C4002T,4002
G10097A,10097
C13536T,13536
C13945T,13945
C14408T,14408
C18747T,18747
A23403G,23403
C23731T,23731
G27841T,27841
G28079T,28079
G28881A,28881
G28882A,28882
G28883C,28883
G29425T,29425
C241T,241
C3037T,3037
C4002T,4002
G10097A,10097
C13536T,13536
C14408T,14408
C15720T,15720
C18747T,18747
A20236T,20236
A23403G,23403
C23731T,23731
G24794T,24794
G28881A,28881
G28882A,28882
G28883C,28883
G29425T,29425
G29781T,29781
C241T,241
C3037T,3037
C4002T,4002
G10097A,10097
C13536T,13536
C14408T,14408
C18747T,18747
A23403G,23403
C23731T,23731
G26918A,26918
G28881A,28881
G28882A,28882
G28883C,28883
G29425T,29425
C241T,241
C3037T,3037
C4002T,4002
G10097A,10097
C13536T,13536
C14408T,14408
C18747T,18747
A23403G,23403
C23731T,23731
G28881A,28881
G28882A,28882
G28883C,28883
G29425T,29425
C241T,241
C3037T,3037
C4002T,4002
G10097A,10097
C13536T,13536
C14408T,14408
G16117T,16117
C18747T,18747
A23403G,23403
C23625T,23625
C23731T,23731
G28881A,28881
G28882A,28882
G28883C,28883
G29425T,29425
C241T,241
C635T,635
C3037T,3037
C3961T,3961
C4002T,4002
G10097A,10097
C13536T,13536
C14408T,14408
C18747T,18747
C21638T,21638
A23403G,23403
C23731T,23731
G28881A,28881
G28882A,28882
G28883C,28883
G29425T,29425
C241T,241
C3037T,3037
C4002T,4002
G10097A,10097
C13536T,13536
C14408T,14408
C18747T,18747
A23403G,23403
C23731T,23731
C28435T,28435
G28881A,28881
G28882A,28882
G28883C,28883
G29425T,29425
C241T,241
C3037T,3037
C4002T,4002
A6507G,6507
C9532T,9532
C9866T,9866
G10097A,10097
C13536T,13536
C14198T,14198
C14408T,14408
C18747T,18747
A23403G,23403
C23731T,23731
G28881A,28881
G28882A,28882
G28883C,28883
G29425T,29425
C241T,241
C3037T,3037
C4002T,4002
G10097A,10097
C13536T,13536
C14408T,14408
C18747T,18747
C19586T,19586
G21974C,21974
A23403G,23403
C23731T,23731
C28253T,28253
G28307T,28307
G28881A,28881
G28882A,28882
G28883C,28883
G29425T,29425
C241T,241
C3037T,3037
C4002T,4002
G10097A,10097
C13536T,13536
C14408T,14408
C18747T,18747
G20060T,20060
A23403G,23403
C23731T,23731
G28881A,28881
G28882A,28882
G28883C,28883
G29425T,29425
C241T,241
C2485T,2485
C3037T,3037
C4002T,4002
A7699G,7699
C7765T,7765
G10097A,10097
C13536T,13536
C14408T,14408
C18747T,18747
A23403G,23403
G23426A,23426
C23731T,23731
G28881A,28881
G28882A,28882
G28883C,28883
G29425T,29425
C241T,241
C3037T,3037
C4002T,4002
C9866T,9866
G10097A,10097
C14408T,14408
C18747T,18747
A23403G,23403
C23731T,23731
G24620T,24620
G28881A,28881
G28882A,28882
G28883C,28883
C241T,241
C3037T,3037
C4002T,4002
C6401T,6401
G10097A,10097
C13536T,13536
C14408T,14408
C18747T,18747
C23248T,23248
A23403G,23403
C23731T,23731
C26801T,26801
G28881A,28881
G28882A,28882
G28883C,28883
G29425T,29425
A29567G,29567
C241T,241
C3037T,3037
C4002T,4002
C8290T,8290
G10097A,10097
C13536T,13536
C14408T,14408
C18747T,18747
A18911C,18911
C23248T,23248
A23403G,23403
C23731T,23731
C26801T,26801
G28881A,28881
G28882A,28882
G28883C,28883
G29425T,29425
C241T,241
C3037T,3037
C4002T,4002
C5784T,5784
G10097A,10097
C13536T,13536
C14408T,14408
C18747T,18747
A23403G,23403
C23731T,23731
C27371T,27371
T27384C,27384
C28725T,28725
G28881A,28881
G28882A,28882
G28883C,28883
G29425T,29425
C29625T,29625
C241T,241
C3037T,3037
C4002T,4002
G4201T,4201
G7936T,7936
G10097A,10097
A11854G,11854
C12455T,12455
C13536T,13536
C14408T,14408
C18747T,18747
A23403G,23403
C23664T,23664
C23731T,23731
G27841T,27841
G28881A,28881
G28882A,28882
G28883C,28883
G29425T,29425
C241T,241
C3037T,3037
C3743T,3743
C4002T,4002
G7936T,7936
G10097A,10097
A11854G,11854
C12455T,12455
C13536T,13536
C14408T,14408
C18747T,18747
A23403G,23403
C23664T,23664
C23731T,23731
G27841T,27841
G28881A,28881
G28882A,28882
G28883C,28883
G29425T,29425
C241T,241
C3037T,3037
C4002T,4002
G10097A,10097
C13536T,13536
C14408T,14408
C18747T,18747
A23403G,23403
C23731T,23731
G27415A,27415
G28881A,28881
G28882A,28882
G28883C,28883
G29425T,29425
C241T,241
C3037T,3037
C4002T,4002
T9843A,9843
G10097A,10097
C10833T,10833
C13536T,13536
C14408T,14408
C15720T,15720
C18747T,18747
C20970T,20970
T22981A,22981
A23403G,23403
G23628T,23628
C23731T,23731
C25511T,25511
G28881A,28881
G28882A,28882
G28883C,28883
G29425T,29425
C241T,241
C1059T,1059
C1288T,1288
C3037T,3037
C3811T,3811
C4002T,4002
C5784T,5784
C9746T,9746
G10097A,10097
C13536T,13536
C14408T,14408
C18747T,18747
A23403G,23403
C23731T,23731
G24293A,24293
T27384C,27384
G28881A,28881
G28882A,28882
G28883C,28883
G29425T,29425
C241T,241
C1884T,1884
C3037T,3037
C4002T,4002
C7843T,7843
G10097A,10097
C13536T,13536
C13584T,13584
C14408T,14408
C18747T,18747
A23403G,23403
C23731T,23731
G28881A,28881
G28882A,28882
G28883C,28883
G29425T,29425
G29868A,29868
C29870A,29870
C241T,241
C3037T,3037
C4002T,4002
G7743T,7743
G10097A,10097
C13536T,13536
C14408T,14408
C18747T,18747
A23403G,23403
C23731T,23731
G28881A,28881
G28882A,28882
G28883C,28883
G29425T,29425
C29870A,29870
C241T,241
G410T,410
C2842T,2842
C3037T,3037
C4002T,4002
C7875A,7875
G10097A,10097
C13536T,13536
C14408T,14408
C18747T,18747
A22525G,22525
A23403G,23403
C23731T,23731
G28881A,28881
G28882A,28882
G28883C,28883
G29425T,29425
C29870A,29870
C241T,241
C3037T,3037
C4002T,4002
G10097A,10097
C13536T,13536
C14408T,14408
C18747T,18747
A23403G,23403
C23731T,23731
G28881A,28881
G28882A,28882
G28883C,28883
G29425T,29425
C29870A,29870
C241T,241
C3037T,3037
C4002T,4002
G10097A,10097
G12176A,12176
C13536T,13536
T14222G,14222
C14408T,14408
C18747T,18747
A23403G,23403
C23731T,23731
G28881A,28881
G28882A,28882
G28883C,28883
G29425T,29425
C29870A,29870
C241T,241
C3037T,3037
C4002T,4002
G10097A,10097
G12176A,12176
C13536T,13536
T14222G,14222
C14408T,14408
C18747T,18747
A23403G,23403
C23731T,23731
G28881A,28881
G28882A,28882
G28883C,28883
G29425T,29425
C29870A,29870
C241T,241
C3037T,3037
C4002T,4002
G10097A,10097
G12176A,12176
C13536T,13536
T14222G,14222
C14408T,14408
C18747T,18747
A23403G,23403
C23731T,23731
G28881A,28881
G28882A,28882
G28883C,28883
A29373G,29373
C241T,241
C3037T,3037
C4002T,4002
G10097A,10097
G12176A,12176
C13536T,13536
T14222G,14222
C14408T,14408
C18747T,18747
A23403G,23403
C23731T,23731
G28881A,28881
G28882A,28882
G28883C,28883
G29425T,29425
C29870A,29870
C241T,241
C3037T,3037
C4002T,4002
G10097A,10097
G12176A,12176
C13536T,13536
T14222G,14222
C14408T,14408
C18747T,18747
A23403G,23403
C23731T,23731
G28881A,28881
G28882A,28882
G28883C,28883
G29425T,29425
C29870A,29870
C241T,241
C3037T,3037
C4002T,4002
A7634G,7634
G10097A,10097
G12176A,12176
C13536T,13536
T14222G,14222
C14408T,14408
C18747T,18747
A23403G,23403
C23731T,23731
G28881A,28881
G28882A,28882
G28883C,28883
C29870A,29870
C241T,241
C3037T,3037
C4002T,4002
A7634G,7634
G10097A,10097
G12176A,12176
C13536T,13536
T14222G,14222
C14408T,14408
C18747T,18747
A23403G,23403
C23731T,23731
G28881A,28881
G28882A,28882
G28883C,28883
C29870A,29870
C241T,241
C3037T,3037
C4002T,4002
G10097A,10097
G12176A,12176
C13536T,13536
T14222G,14222
C14408T,14408
T15156C,15156
C18747T,18747
A23403G,23403
C23731T,23731
G28881A,28881
G28882A,28882
G28883C,28883
G29425T,29425
C29870A,29870
C241T,241
C3037T,3037
C4002T,4002
G10097A,10097
G12176A,12176
C13536T,13536
T14222G,14222
C14408T,14408
C18747T,18747
A23403G,23403
C23731T,23731
G28655T,28655
G28881A,28881
G28882A,28882
G28883C,28883
T29047C,29047
G29425T,29425
C29870A,29870
C241T,241
C3037T,3037
C4002T,4002
T8328G,8328
G10097A,10097
G12176A,12176
C13536T,13536
C14408T,14408
C18747T,18747
A23403G,23403
C23731T,23731
G28881A,28881
G28882A,28882
G28883C,28883
G29425T,29425
C29870A,29870
C241T,241
C3037T,3037
C4002T,4002
T8328G,8328
G10097A,10097
G12176A,12176
C13536T,13536
T14222G,14222
C14408T,14408
C18747T,18747
A23403G,23403
C23731T,23731
G28881A,28881
G28882A,28882
G28883C,28883
G29425T,29425
C29870A,29870
C241T,241
C3037T,3037
C4002T,4002
G10097A,10097
G12176A,12176
C13536T,13536
T14222G,14222
C14408T,14408
C18747T,18747
A23403G,23403
C23731T,23731
G28881A,28881
G28882A,28882
G28883C,28883
G29425T,29425
C29870A,29870
C241T,241
C3037T,3037
C4002T,4002
G10097A,10097
G12176A,12176
C13536T,13536
T14222G,14222
C14408T,14408
C18747T,18747
A23403G,23403
C23731T,23731
C26750T,26750
G28881A,28881
G28882A,28882
G28883C,28883
G29425T,29425
C29870A,29870
C241T,241
C3037T,3037
C4002T,4002
G10097A,10097
T10166G,10166
G12176A,12176
C13536T,13536
T14222G,14222
C14408T,14408
C18747T,18747
A23403G,23403
C23731T,23731
G28881A,28881
G28882A,28882
G28883C,28883
G29425T,29425
C29870A,29870
C241T,241
C1912T,1912
C3037T,3037
C4002T,4002
T8328G,8328
G10097A,10097
C11653T,11653
G12176A,12176
C13536T,13536
C14408T,14408
C18747T,18747
A23403G,23403
C23731T,23731
G28881A,28881
G28882A,28882
G28883C,28883
G29425T,29425
C29870A,29870
C241T,241
C1912T,1912
C3037T,3037
C4002T,4002
G10097A,10097
C11653T,11653
G12176A,12176
C13536T,13536
T14222G,14222
C14408T,14408
C18747T,18747
A23403G,23403
C23731T,23731
G28881A,28881
G28882A,28882
G28883C,28883
G29425T,29425
C29870A,29870
C241T,241
C3037T,3037
C4002T,4002
T8328G,8328
G10097A,10097
C11653T,11653
G12176A,12176
C13536T,13536
C14408T,14408
C18747T,18747
A23403G,23403
C23731T,23731
G28881A,28881
G28882A,28882
G28883C,28883
G29425T,29425
C29870A,29870
C241T,241
C3037T,3037
C4002T,4002
G10097A,10097
G12176A,12176
C13536T,13536
T14222G,14222
C14408T,14408
C18747T,18747
A20279C,20279
A23403G,23403
C23731T,23731
A25351G,25351
C26461T,26461
G28881A,28881
G28882A,28882
G28883C,28883
G29425T,29425
C29870A,29870
C241T,241
C3037T,3037
C4002T,4002
G10097A,10097
C11653T,11653
G12176A,12176
C13536T,13536
T14222G,14222
C14408T,14408
C18747T,18747
A23403G,23403
C23731T,23731
G28881A,28881
G28882A,28882
G28883C,28883
A29373G,29373
C29870A,29870
C241T,241
C1912T,1912
C3037T,3037
C4002T,4002
G10097A,10097
C11653T,11653
G12176A,12176
C13536T,13536
T14222G,14222
C14408T,14408
C18747T,18747
A23403G,23403
C23731T,23731
G28881A,28881
G28882A,28882
G28883C,28883
G29425T,29425
C29870A,29870
C241T,241
C3037T,3037
C4002T,4002
G10097A,10097
G12176A,12176
C13536T,13536
T14222G,14222
C14408T,14408
C18747T,18747
A23403G,23403
C23731T,23731
C26461T,26461
G28881A,28881
G28882A,28882
G28883C,28883
G29425T,29425
C29870A,29870
C241T,241
C3037T,3037
C4002T,4002
G10097A,10097
G12176A,12176
C13536T,13536
T14222G,14222
C14408T,14408
C18747T,18747
A23403G,23403
C23731T,23731
C26461T,26461
G27506T,27506
G28881A,28881
G28882A,28882
G28883C,28883
C29870A,29870
C241T,241
C3037T,3037
C4002T,4002
A7958G,7958
G10097A,10097
G12176A,12176
C13536T,13536
C14408T,14408
C18747T,18747
A23403G,23403
C23731T,23731
G28881A,28881
G28882A,28882
G28883C,28883
G29425T,29425
C29870A,29870
C241T,241
C3037T,3037
C4002T,4002
T8328G,8328
G10097A,10097
G12176A,12176
C13536T,13536
T14222G,14222
C14408T,14408
C18747T,18747
A23403G,23403
C23731T,23731
C25276T,25276
G28881A,28881
G28882A,28882
G28883C,28883
G29425T,29425
C29870A,29870
C241T,241
C3037T,3037
C4002T,4002
G10097A,10097
G12176A,12176
C13536T,13536
T14222G,14222
C14408T,14408
C18747T,18747
A23403G,23403
C23731T,23731
C25276T,25276
G28881A,28881
G28882A,28882
G28883C,28883
G29425T,29425
C29870A,29870
C241T,241
C3037T,3037
C4002T,4002
G10097A,10097
G12176A,12176
C13536T,13536
T14222G,14222
C14408T,14408
C18747T,18747
A20279C,20279
A23403G,23403
C23731T,23731
C26461T,26461
G28881A,28881
G28882A,28882
G28883C,28883
G29425T,29425
C29870A,29870
C241T,241
C3037T,3037
C4002T,4002
T8328G,8328
G10097A,10097
G12176A,12176
C13536T,13536
C14408T,14408
C18747T,18747
A20279C,20279
A23403G,23403
C23731T,23731
C26461T,26461
G28881A,28881
G28882A,28882
G28883C,28883
G29425T,29425
C29870A,29870
C241T,241
C3037T,3037
C4002T,4002
G10097A,10097
G12176A,12176
C13536T,13536
T14222G,14222
C14408T,14408
C18747T,18747
A20279C,20279
A23403G,23403
C23731T,23731
C26461T,26461
G28881A,28881
G28882A,28882
G28883C,28883
A29373G,29373
G29425T,29425
C29870A,29870
C241T,241
C1912T,1912
C3037T,3037
C4002T,4002
T8328G,8328
G10097A,10097
C11653T,11653
G12176A,12176
C13536T,13536
T14222G,14222
C14408T,14408
C18747T,18747
A23403G,23403
C23731T,23731
G28881A,28881
G28882A,28882
G28883C,28883
G29425T,29425
C241T,241
C1912T,1912
C3037T,3037
C4002T,4002
T8328G,8328
G10097A,10097
C11653T,11653
G12176A,12176
C13536T,13536
C14408T,14408
C18747T,18747
A23403G,23403
C23731T,23731
G28881A,28881
G28882A,28882
G28883C,28883
G29425T,29425
C29870A,29870
C241T,241
C1912T,1912
C3037T,3037
C4002T,4002
G10097A,10097
C11653T,11653
G12176A,12176
C13536T,13536
T14222G,14222
C14408T,14408
C18747T,18747
A23403G,23403
C23731T,23731
G28881A,28881
G28882A,28882
G28883C,28883
C29870A,29870
C241T,241
C3037T,3037
C4002T,4002
A7634G,7634
G10097A,10097
G12176A,12176
C13536T,13536
T14222G,14222
C14408T,14408
C18747T,18747
T21664G,21664
A23403G,23403
C23731T,23731
C26461T,26461
G28881A,28881
G28882A,28882
G28883C,28883
A29373G,29373
C29870A,29870
C241T,241
C3037T,3037
C4002T,4002
G10097A,10097
G12176A,12176
C13536T,13536
T14222G,14222
C14408T,14408
C18747T,18747
A23403G,23403
C23731T,23731
G28881A,28881
G28882A,28882
G28883C,28883
G29425T,29425
C29870A,29870
C241T,241
C1912T,1912
C3037T,3037
C4002T,4002
G10097A,10097
C11653T,11653
G12176A,12176
C13536T,13536
T14222G,14222
C14408T,14408
C18747T,18747
A23403G,23403
C23731T,23731
G28881A,28881
G28882A,28882
G28883C,28883
C29870A,29870
C241T,241
C3037T,3037
C4002T,4002
G10097A,10097
G12176A,12176
C13536T,13536
T14222G,14222
C14408T,14408
C18747T,18747
T21664G,21664
A23403G,23403
C23731T,23731
A25351G,25351
C26461T,26461
G28881A,28881
G28882A,28882
G28883C,28883
C29870A,29870
C241T,241
C1912T,1912
C3037T,3037
C4002T,4002
G10097A,10097
C11653T,11653
G12176A,12176
C13536T,13536
T14222G,14222
C14408T,14408
C18747T,18747
A23403G,23403
C23731T,23731
C26801T,26801
G28881A,28881
G28882A,28882
G28883C,28883
A29373G,29373
C29870A,29870
C241T,241
C1912T,1912
C3037T,3037
C4002T,4002
G10097A,10097
C11653T,11653
G12176A,12176
C13536T,13536
T14222G,14222
C14408T,14408
C18747T,18747
A23403G,23403
C23731T,23731
G28881A,28881
G28882A,28882
G28883C,28883
C29870A,29870
C241T,241
A1639G,1639
C3037T,3037
C4002T,4002
G10097A,10097
C13536T,13536
C14408T,14408
C18747T,18747
A23403G,23403
C23731T,23731
A26161G,26161
G28881A,28881
G28882A,28882
G28883C,28883
G29425T,29425
C241T,241
C3037T,3037
C4002T,4002
G10097A,10097
C13536T,13536
C14408T,14408
C18747T,18747
A23403G,23403
C23731T,23731
G28881A,28881
G28882A,28882
G28883C,28883
G29425T,29425
C241T,241
C2485T,2485
C3037T,3037
C4002T,4002
A7699G,7699
C7765T,7765
G10097A,10097
C13536T,13536
C14408T,14408
C18747T,18747
A23403G,23403
C23731T,23731
A26154T,26154
G28881A,28881
G28882A,28882
G28883C,28883
G29425T,29425
C241T,241
C3037T,3037
C4002T,4002
C9532T,9532
G10097A,10097
G10642T,10642
C13536T,13536
C14408T,14408
C18747T,18747
A23403G,23403
C23731T,23731
G28881A,28881
G28882A,28882
G28883C,28883
C241T,241
C3037T,3037
C4002T,4002
G10097A,10097
C13536T,13536
C14408T,14408
C18747T,18747
A23403G,23403
C23731T,23731
G28881A,28881
G28882A,28882
G28883C,28883
G29425T,29425
C241T,241
C3037T,3037
C4002T,4002
G10097A,10097
C13536T,13536
C14408T,14408
C18747T,18747
A23403G,23403
C23731T,23731
G28881A,28881
G28882A,28882
G28883C,28883
G29425T,29425
C241T,241
C3037T,3037
C4002T,4002
C5346T,5346
G10097A,10097
C13536T,13536
C14408T,14408
C18747T,18747
A23403G,23403
C23731T,23731
C28253T,28253
A28254C,28254
G28881A,28881
G28882A,28882
G28883C,28883
G29425T,29425
C241T,241
C3037T,3037
T3960C,3960
C4002T,4002
G10097A,10097
C13536T,13536
C14408T,14408
C18747T,18747
C19586T,19586
C21364T,21364
A23403G,23403
C23731T,23731
C28253T,28253
G28881A,28881
G28882A,28882
G28883C,28883
G29425T,29425
C241T,241
C3037T,3037
C4002T,4002
C9319T,9319
C13536T,13536
C14016T,14016
C14408T,14408
C18747T,18747
A23403G,23403
C23731T,23731
G28881A,28881
G28882A,28882
G28883C,28883
G29425T,29425
C241T,241
C3037T,3037
C4002T,4002
G10097A,10097
C13536T,13536
C14408T,14408
C18747T,18747
C20555T,20555
A23403G,23403
C23731T,23731
G28077C,28077
G28881A,28881
G28882A,28882
G28883C,28883
G29425T,29425
C241T,241
C3037T,3037
C4002T,4002
G10097A,10097
G11800T,11800
C12781T,12781
C13536T,13536
C14408T,14408
G15444A,15444
C18747T,18747
A23403G,23403
C23731T,23731
G28881A,28881
G28882A,28882
G28883C,28883
G29425T,29425
C241T,241
C3037T,3037
C4002T,4002
C10138A,10138
C13536T,13536
C14408T,14408
C18747T,18747
A23403G,23403
C23625T,23625
C23731T,23731
G28881A,28881
G28882A,28882
G28883C,28883
G29425T,29425
C241T,241
C3037T,3037
C4002T,4002
C5884T,5884
G10097A,10097
T10163C,10163
C13536T,13536
C14408T,14408
C18747T,18747
A23403G,23403
C23731T,23731
G28881A,28881
G28882A,28882
G28883C,28883
G29425T,29425
C241T,241
C3037T,3037
C4002T,4002
G6884A,6884
G10097A,10097
C13536T,13536
C14408T,14408
C18747T,18747
A23403G,23403
C23731T,23731
G28881A,28881
G28882A,28882
G28883C,28883
G29425T,29425
C241T,241
C3037T,3037
C4002T,4002
A9529G,9529
G10097A,10097
G11365C,11365
C13536T,13536
C14408T,14408
C18747T,18747
A23403G,23403
C23731T,23731
G28881A,28881
G28882A,28882
G28883C,28883
G29425T,29425
C241T,241
A1395C,1395
A2647G,2647
C3037T,3037
C4002T,4002
G10097A,10097
G12176A,12176
C13536T,13536
C14408T,14408
C18747T,18747
C21575T,21575
A23403G,23403
C23731T,23731
G28881A,28881
G28882A,28882
G28883C,28883
G29425T,29425
C241T,241
C1314T,1314
C3037T,3037
C4002T,4002
A7881G,7881
G10097A,10097
G12052T,12052
C13536T,13536
C14408T,14408
C18747T,18747
A23403G,23403
C23731T,23731
G27841T,27841
G28881A,28881
G28882A,28882
G28883C,28883
G29425T,29425
C241T,241
C3037T,3037
C4002T,4002
G10097A,10097
G11083T,11083
C13536T,13536
C14408T,14408
C18747T,18747
A23403G,23403
C23731T,23731
G24038T,24038
G28881A,28881
G28882A,28882
G28883C,28883
G29425T,29425
C241T,241
C3037T,3037
C4002T,4002
G10097A,10097
C13536T,13536
C14408T,14408
C18747T,18747
A23403G,23403
C23731T,23731
G28881A,28881
G28882A,28882
G28883C,28883
G29425T,29425
C241T,241
C3037T,3037
C4002T,4002
G10097A,10097
G11083T,11083
C13536T,13536
C14408T,14408
C17733T,17733
C18747T,18747
A23403G,23403
C23731T,23731
A23813T,23813
A25491T,25491
C27213T,27213
G28881A,28881
G28882A,28882
G28883C,28883
G29425T,29425
G29777T,29777
C241T,241
C355T,355
C3037T,3037
C4002T,4002
G10097A,10097
C12623T,12623
C13536T,13536
C14408T,14408
C17444T,17444
C18747T,18747
G19072T,19072
A23403G,23403
C23731T,23731
G28373T,28373
C28606T,28606
G28881A,28881
G28882A,28882
G28883C,28883
G29425T,29425
G29744A,29744
C241T,241
C3037T,3037
C4002T,4002
G10097A,10097
G11083T,11083
C13536T,13536
C14408T,14408
C18747T,18747
A23403G,23403
C23731T,23731
G24038T,24038
G28881A,28881
G28882A,28882
G28883C,28883
G29425T,29425
C241T,241
C3037T,3037
C4002T,4002
G10097A,10097
G13514T,13514
C13536T,13536
C14408T,14408
C18747T,18747
A23403G,23403
C23731T,23731
G26152A,26152
G28881A,28881
G28882A,28882
G28883C,28883
G29425T,29425
C241T,241
C3037T,3037
C4002T,4002
G10097A,10097
C13536T,13536
C14408T,14408
C15108T,15108
C18747T,18747
C23248T,23248
A23403G,23403
C23731T,23731
C26801T,26801
G28881A,28881
G28882A,28882
G28883C,28883
G29425T,29425
C241T,241
C3037T,3037
C4002T,4002
G10097A,10097
C13536T,13536
C14408T,14408
C18747T,18747
A18911C,18911
C23248T,23248
A23403G,23403
C23731T,23731
C26801T,26801
G28881A,28881
G28882A,28882
G28883C,28883
G29425T,29425
C241T,241
C3037T,3037
C4002T,4002
T5218C,5218
C8251T,8251
G10097A,10097
G12176A,12176
C13536T,13536
T14222G,14222
C14408T,14408
C18747T,18747
A23403G,23403
C23731T,23731
G28881A,28881
G28882A,28882
G28883C,28883
G29425T,29425
C29870A,29870
C241T,241
C3037T,3037
C4002T,4002
T5218C,5218
G10097A,10097
G12176A,12176
C13536T,13536
T14222G,14222
C14408T,14408
C18747T,18747
A23403G,23403
C23731T,23731
G28881A,28881
G28882A,28882
G28883C,28883
G29425T,29425
C29870A,29870
C241T,241
C3037T,3037
C4002T,4002
T5218C,5218
C8251T,8251
G10097A,10097
G12176A,12176
C13536T,13536
T14222G,14222
C14408T,14408
C18747T,18747
A23403G,23403
C23731T,23731
G28881A,28881
G28882A,28882
G28883C,28883
G29425T,29425
C29870A,29870
C241T,241
C3037T,3037
C4002T,4002
A7634G,7634
G10097A,10097
G12176A,12176
C13536T,13536
T14222G,14222
C14408T,14408
C18747T,18747
A23403G,23403
C23731T,23731
G28881A,28881
G28882A,28882
G28883C,28883
C29870A,29870
C241T,241
C3037T,3037
C4002T,4002
T5218C,5218
T8328G,8328
G10097A,10097
G12176A,12176
C13536T,13536
C14408T,14408
C18747T,18747
A23403G,23403
C23731T,23731
G28881A,28881
G28882A,28882
G28883C,28883
G29425T,29425
C29870A,29870
C241T,241
C3037T,3037
C4002T,4002
T5218C,5218
G10097A,10097
G12176A,12176
C13536T,13536
T14222G,14222
C14408T,14408
C18747T,18747
A22798T,22798
A23403G,23403
C23731T,23731
G28881A,28881
G28882A,28882
G28883C,28883
G29425T,29425
C29870A,29870
C241T,241
C3037T,3037
C4002T,4002
T5218C,5218
T8328G,8328
G10097A,10097
G12176A,12176
C13536T,13536
C14408T,14408
C18747T,18747
A23403G,23403
C23731T,23731
G28881A,28881
G28882A,28882
G28883C,28883
G29425T,29425
C29870A,29870
C241T,241
C3037T,3037
C4002T,4002
G10097A,10097
G12176A,12176
C13536T,13536
T14222G,14222
C14408T,14408
C18747T,18747
A23403G,23403
C23731T,23731
G28881A,28881
G28882A,28882
G28883C,28883
G29425T,29425
C29870A,29870
C241T,241
C3037T,3037
C4002T,4002
G10097A,10097
G12176A,12176
C13536T,13536
T14222G,14222
C14408T,14408
C18747T,18747
A23403G,23403
C23731T,23731
G28881A,28881
G28882A,28882
G28883C,28883
A29373T,29373
C29870A,29870
C241T,241
C3037T,3037
C4002T,4002
T8328G,8328
G10097A,10097
G12176A,12176
C13536T,13536
C14408T,14408
C18747T,18747
G19872T,19872
A23403G,23403
C23731T,23731
G28881A,28881
G28882A,28882
G28883C,28883
G29425T,29425
C29870A,29870
C241T,241
C3037T,3037
C4002T,4002
G10097A,10097
C13536T,13536
C14408T,14408
C18747T,18747
G20060T,20060
A23403G,23403
C23731T,23731
G28881A,28881
G28882A,28882
G28883C,28883
G29425T,29425
C241T,241
C3037T,3037
C4002T,4002
C9073T,9073
G10097A,10097
G11083T,11083
C13536T,13536
C14408T,14408
C14931A,14931
G15906T,15906
C18747T,18747
A23403G,23403
C23731T,23731
C23896T,23896
C24023T,24023
G28881A,28881
G28882A,28882
G28883C,28883
G29425T,29425
C241T,241
C3037T,3037
C4002T,4002
A4494G,4494
C9866T,9866
C9967T,9967
G10097A,10097
C13536T,13536
C14408T,14408
C18747T,18747
A23403G,23403
C23731T,23731
G26389T,26389
G28881A,28881
G28882A,28882
G28883C,28883
G29425T,29425
